{
    "accuracy": 0.6666666666666666,
    "precision": 0.3333333333333333,
    "recall": 0.2222222222222222
}